layer,mean_last_50,std_last_50,mean_auc
layer_random_wide,-0.44866669178009033,0.027513077522661758,-0.3794380525747935
layer_bottleneck,-0.46846667925516766,0.04936971426320187,-0.3694094717502594
layer_random_narrow,-0.49773333470026654,0.03770565463443052,-0.38167614738146466
layer_structured_mid,-0.5084666709105173,0.0456959225465689,-0.4222380419572194
