layer,reward_r2,transition_r2,effective_rank,composite_score
layer_structured_mid,0.008388340473175049,0.9650058895349503,0.6460864543914795,0.7336223471909761
layer_random_wide,-0.03384983539581299,0.6869949698448181,0.6006332039833069,0.6570209756493569
layer_bottleneck,-0.003351449966430664,0.44730329513549805,0.9633907675743103,0.6462282419204712
layer_random_narrow,-0.002732515335083008,0.4301339387893677,0.9265266060829163,0.6388179808855057
