layer,reward_r2,transition_r2,effective_rank,composite_score
layer_structured_mid,0.008788883686065674,0.9642894268035889,0.6522824168205261,0.7341708615422249
layer_random_wide,-0.020046591758728027,0.6836521029472351,0.6195418834686279,0.6612654283642769
layer_bottleneck,-0.001864790916442871,0.45245254039764404,0.9650367498397827,0.6478859186172485
layer_random_narrow,-0.002619028091430664,0.4276302456855774,0.9373472332954407,0.6393622472882272
